{
  "timestamp": "2025-11-23T10:18:07.418809",
  "model": "nomic-embed-text:latest",
  "thresholds": {
    "t1": 0.52,
    "t2": 0.5
  },
  "results": {
    "attacks": {
      "tp": 3,
      "fn": 17,
      "scores": [
        0.5139041821625674,
        0.440144925012549,
        0.46173109048924027,
        0.421092700506665,
        0.4715850876004221,
        0.4767095051430962,
        0.4714514275739402,
        0.4735053066962825,
        0.42847286316902744,
        0.4328451268121463,
        0.46440120225515785,
        0.45659012526547527,
        0.4901966452637528,
        0.45845786422218476,
        0.4728006196822681,
        0.4206758969000266,
        0.4832698251274184,
        0.5988740512240198,
        0.49221524284667034,
        0.5219359038075976
      ]
    },
    "benign": {
      "tn": 6,
      "fp": 4,
      "scores": [
        0.3795823496572811,
        0.3614579537967535,
        0.4899093088723402,
        0.37645673348006925,
        0.4063698675345721,
        0.5210740207152667,
        0.5759244152900568,
        0.6546293997908849,
        0.3912604942209071,
        0.5019362138656501
      ]
    },
    "edge_cases": {
      "blocked": 5,
      "allowed": 0,
      "scores": [
        0.5722034301536028,
        0.6736219716359366,
        0.6592745142616748,
        0.7442586273786035,
        0.5576843368797069
      ]
    },
    "tier_distribution": {
      "tier1": 10,
      "tier2": 2,
      "tier3": 23
    }
  },
  "status": "CORRECTED_CALIBRATION"
}