{
  "timestamp": "2025-11-23T10:22:45.788658",
  "methodology": "70/30 train/test split with frozen parameters",
  "model": "nomic-embed-text:latest",
  "data_split": {
    "training_size": 644,
    "test_size": 276,
    "test_percentage": 30
  },
  "calibration": {
    "thresholds": {
      "t1": 0.5184890169220071,
      "t2": 0.4612698792420517
    },
    "training_performance": {
      "tpr": 80.0,
      "fpr": 50.0
    },
    "distributions": {
      "attack_range": [
        0.3277166773762866,
        0.6958740091144957
      ],
      "benign_range": [
        0.3614579537967535,
        0.6546293997908849
      ]
    }
  },
  "validation": {
    "test_performance": {
      "tpr": 81.11111111111111,
      "tnr": 83.33333333333334,
      "fpr": 16.666666666666664,
      "accuracy": 81.15942028985508,
      "tp": 219,
      "fn": 51,
      "tn": 5,
      "fp": 1
    },
    "score_distributions": {
      "attack_scores": [
        0.4682184750038302,
        0.4699701125107175,
        0.42726101821916873,
        0.4823473209894159,
        0.4986017447706458,
        0.5977577580387705,
        0.46246198487891055,
        0.7208107778603814,
        0.5117221045142915,
        0.5220412619990357,
        0.5500876326741561,
        0.4694646786718848,
        0.5106949746771261,
        0.47691344609658404,
        0.509036125971332,
        0.5402611197077497,
        0.52135286684438,
        0.4537857857164233,
        0.5380605069755978,
        0.5480874378824848,
        0.5488186308048589,
        0.5265783534908259,
        0.44356568130480195,
        0.43883472434692555,
        0.5137698343804951,
        0.6447496117853893,
        0.4988643039104643,
        0.4735053066962825,
        0.4940930892312231,
        0.4690351067356115,
        0.47626698863297917,
        0.49708925085195815,
        0.6236235615438722,
        0.4569999506796524,
        0.4984781676528749,
        0.5114154187310641,
        0.5290439975454193,
        0.4706245810106686,
        0.5232348918610755,
        0.51210831607034,
        0.4705473111264996,
        0.5457433089389533,
        0.5614713982360539,
        0.560727587796136,
        0.5250033925270071,
        0.4466905969614615,
        0.5498682614966075,
        0.4831623470628908,
        0.557922428847564,
        0.4609169910196156,
        0.63462180126065,
        0.5117310685616784,
        0.41841423557934515,
        0.539067892945054,
        0.5773078068773019,
        0.3776043069890091,
        0.5017578976373902,
        0.5198211717145722,
        0.5037790808654624,
        0.49368583178570635,
        0.45557666843491557,
        0.5118013150292177,
        0.5259694078793444,
        0.3677597895995177,
        0.5553151374756433,
        0.48402670361867556,
        0.4408345901460287,
        0.5022707633986541,
        0.48215366153847905,
        0.45316591023190217,
        0.567392294031453,
        0.5219359038075976,
        0.45189634494688413,
        0.571482848091712,
        0.6673261241758222,
        0.5139041821625674,
        0.6282021631415059,
        0.5241466987862528,
        0.6291810622595867,
        0.45007052926398644,
        0.5477841833638631,
        0.5255088543831807,
        0.4401853298284438,
        0.48955198687051876,
        0.5021746174311138,
        0.48987660873806205,
        0.5315277339114679,
        0.5735577132644846,
        0.4913938355629179,
        0.4404694808621887,
        0.4521563997590894,
        0.7295194455606084,
        0.421092700506665,
        0.4410846375430358,
        0.5111697022895775,
        0.5045735619689324,
        0.426033365376798,
        0.5293058234023599,
        0.4875208742694749,
        0.5123065059591363,
        0.6824123258024318,
        0.6056883882445552,
        0.6165869232034463,
        0.4732212962615324,
        0.538506261741079,
        0.45659012526547527,
        0.5067346237783346,
        0.4105229337865866,
        0.58079236627296,
        0.53188767683935,
        0.5268229515835015,
        0.49340408305597877,
        0.43041609007747056,
        0.5049479134604185,
        0.5389879929037183,
        0.49712582237546754,
        0.5096951851789348,
        0.5964229319189475,
        0.5793898901801756,
        0.540916422305229,
        0.444814588541347,
        0.4787758319837275,
        0.5994165393452142,
        0.5647765454181723,
        0.6495232030946881,
        0.4613052906567892,
        0.46009961149940337,
        0.4829032848619572,
        0.5438554287751605,
        0.5446236332476665,
        0.4722566728969298,
        0.651981090865946,
        0.5523671526283769,
        0.5140975711062935,
        0.5446002372213762,
        0.5165765611784106,
        0.5756758170171818,
        0.45293530360614714,
        0.4988132884362747,
        0.5288669629406546,
        0.44065015201690994,
        0.5659126941516064,
        0.490778764266671,
        0.5017384270194547,
        0.6054018529545283,
        0.5067081533183412,
        0.5174412604484221,
        0.4458058087196167,
        0.577067648024298,
        0.5204351121740739,
        0.44435293730228936,
        0.4535950133261036,
        0.4612323656129617,
        0.548415907486323,
        0.4701151974101131,
        0.5396638361425606,
        0.5059119417010407,
        0.5439475997640633,
        0.5623722184391586,
        0.5230744511266552,
        0.55851628354888,
        0.5658491359632324,
        0.5215308364241816,
        0.5078958364117285,
        0.5686829410548583,
        0.43986070581051,
        0.5143511693822423,
        0.47974490213799176,
        0.544877949550612,
        0.547092912859243,
        0.4901658559459361,
        0.4880321700554716,
        0.5299551857343356,
        0.6864072263228614,
        0.4565594188045647,
        0.527203174819618,
        0.5129915593519262,
        0.5346556718929185,
        0.4821467307582238,
        0.45743403428797497,
        0.44916093277135094,
        0.4208224689273044,
        0.4764779738547446,
        0.5589024375246192,
        0.4449999904244069,
        0.5561910331677721,
        0.6019457388063286,
        0.4636204469254217,
        0.511501460796988,
        0.5415920837030498,
        0.5217259074877169,
        0.5804449457501695,
        0.5166642811200592,
        0.5566917780543771,
        0.48104249364770785,
        0.5167921428374529,
        0.4629019438733887,
        0.4764586941057877,
        0.6231544378674921,
        0.5400667009979746,
        0.4590123612197017,
        0.45871003802012866,
        0.6940580259749128,
        0.6467206217118878,
        0.5233501024508247,
        0.5099099406751184,
        0.5653418943670621,
        0.44000616959898453,
        0.4867101297417424,
        0.5191953447912022,
        0.4054197397030514,
        0.5014555595660865,
        0.4356759596338387,
        0.6971283215252907,
        0.5152679451414178,
        0.5354539686943401,
        0.4900500245824817,
        0.5189979838444018,
        0.508680845884261,
        0.523506575292849,
        0.40921975521093157,
        0.5371413891127929,
        0.4651374090516027,
        0.571552691995184,
        0.48623378775240056,
        0.532818383404082,
        0.5195216944052106,
        0.6442629610620257,
        0.4811513610779279,
        0.4972496229715993,
        0.5507901804107045,
        0.47173625714727,
        0.4803715373196819,
        0.4714514275739402,
        0.629440198016154,
        0.4612045417933309,
        0.6392708666596517,
        0.4680516538255897,
        0.5467131876287636,
        0.5679542035294094,
        0.47397483513039323,
        0.4719749958286421,
        0.5983330302178387,
        0.4899600037944183,
        0.46013349684856764,
        0.5942750376490485,
        0.4371398518127686,
        0.618434793216461,
        0.50099516598447,
        0.5763801892609276,
        0.494745789925064,
        0.5145816584331684,
